id,user_id,title,summary,content,cover_avatar,label,subject,sub_classify,type,visible_range,page_views,like_count,collect_count,comment_count,create_time,update_time
710000000000000001,2043642606338903001,旅行话题第1期,围绕生活方式的实用讨论第1期,这是一篇关于旅行与生活方式的内容样例 涵盖场景建议和经验复盘 编号1,https://cdn.knowledgelink.local/forum/mix/cover_1.jpg,旅行,生活方式,入门指南,经验总结,公开,117,18,9,5,2026-02-01 09:11:00,2026-02-01 09:46:00
710000000000000002,2043642606338903002,美食话题第2期,围绕兴趣爱好的实用讨论第2期,这是一篇关于美食与兴趣爱好的内容样例 涵盖场景建议和经验复盘 编号2,https://cdn.knowledgelink.local/forum/mix/cover_2.jpg,美食,兴趣爱好,经验分享,问题求助,公开,154,31,16,5,2026-02-01 09:22:00,2026-02-01 09:57:00
710000000000000003,2043642606338903003,财经话题第3期,围绕家庭关系的实用讨论第3期,这是一篇关于财经与家庭关系的内容样例 涵盖场景建议和经验复盘 编号3,https://cdn.knowledgelink.local/forum/mix/cover_3.jpg,财经,家庭关系,踩坑复盘,观点讨论,公开,191,44,23,5,2026-02-01 09:33:00,2026-02-01 10:08:00
710000000000000004,2043642606338903004,育儿话题第4期,围绕城市探索的实用讨论第4期,这是一篇关于育儿与城市探索的内容样例 涵盖场景建议和经验复盘 编号4,https://cdn.knowledgelink.local/forum/mix/cover_4.jpg,育儿,城市探索,案例解析,资源分享,仅粉丝,228,57,30,5,2026-02-01 09:44:00,2026-02-01 10:19:00
710000000000000005,2043642606338903005,摄影话题第5期,围绕消费观察的实用讨论第5期,这是一篇关于摄影与消费观察的内容样例 涵盖场景建议和经验复盘 编号5,https://cdn.knowledgelink.local/forum/mix/cover_5.jpg,摄影,消费观察,清单推荐,经验总结,公开,265,70,37,5,2026-02-01 09:55:00,2026-02-01 10:30:00
710000000000000006,2043642606338903006,电影话题第6期,围绕健康习惯的实用讨论第6期,这是一篇关于电影与健康习惯的内容样例 涵盖场景建议和经验复盘 编号6,https://cdn.knowledgelink.local/forum/mix/cover_6.jpg,电影,健康习惯,趋势观察,问题求助,公开,302,83,44,5,2026-02-01 10:06:00,2026-02-01 10:41:00
710000000000000007,2043642606338903007,读书话题第7期,围绕文化体验的实用讨论第7期,这是一篇关于读书与文化体验的内容样例 涵盖场景建议和经验复盘 编号7,https://cdn.knowledgelink.local/forum/mix/cover_7.jpg,读书,文化体验,入门指南,观点讨论,公开,339,96,51,5,2026-02-01 10:17:00,2026-02-01 10:52:00
710000000000000008,2043642606338903008,健身话题第8期,围绕职业成长的实用讨论第8期,这是一篇关于健身与职业成长的内容样例 涵盖场景建议和经验复盘 编号8,https://cdn.knowledgelink.local/forum/mix/cover_8.jpg,健身,职业成长,经验分享,资源分享,仅粉丝,376,109,58,5,2026-02-01 10:28:00,2026-02-01 11:03:00
710000000000000009,2043642606338903009,职场话题第9期,围绕生活方式的实用讨论第9期,这是一篇关于职场与生活方式的内容样例 涵盖场景建议和经验复盘 编号9,https://cdn.knowledgelink.local/forum/mix/cover_9.jpg,职场,生活方式,踩坑复盘,经验总结,公开,413,122,65,5,2026-02-01 10:39:00,2026-02-01 11:14:00
710000000000000010,2043642606338903010,心理话题第10期,围绕兴趣爱好的实用讨论第10期,这是一篇关于心理与兴趣爱好的内容样例 涵盖场景建议和经验复盘 编号10,https://cdn.knowledgelink.local/forum/mix/cover_10.jpg,心理,兴趣爱好,案例解析,问题求助,公开,450,135,72,5,2026-02-01 10:50:00,2026-02-01 11:25:00
710000000000000011,2043642606338903011,音乐话题第11期,围绕家庭关系的实用讨论第11期,这是一篇关于音乐与家庭关系的内容样例 涵盖场景建议和经验复盘 编号11,https://cdn.knowledgelink.local/forum/mix/cover_11.jpg,音乐,家庭关系,清单推荐,观点讨论,公开,487,148,79,5,2026-02-01 11:01:00,2026-02-01 11:36:00
710000000000000012,2043642606338903012,家居话题第12期,围绕城市探索的实用讨论第12期,这是一篇关于家居与城市探索的内容样例 涵盖场景建议和经验复盘 编号12,https://cdn.knowledgelink.local/forum/mix/cover_12.jpg,家居,城市探索,趋势观察,资源分享,仅粉丝,524,161,86,5,2026-02-01 11:12:00,2026-02-01 11:47:00
710000000000000013,2043642606338903013,宠物话题第13期,围绕消费观察的实用讨论第13期,这是一篇关于宠物与消费观察的内容样例 涵盖场景建议和经验复盘 编号13,https://cdn.knowledgelink.local/forum/mix/cover_13.jpg,宠物,消费观察,入门指南,经验总结,公开,561,174,93,5,2026-02-01 11:23:00,2026-02-01 11:58:00
710000000000000014,2043642606338903014,汽车话题第14期,围绕健康习惯的实用讨论第14期,这是一篇关于汽车与健康习惯的内容样例 涵盖场景建议和经验复盘 编号14,https://cdn.knowledgelink.local/forum/mix/cover_14.jpg,汽车,健康习惯,经验分享,问题求助,公开,598,187,100,5,2026-02-01 11:34:00,2026-02-01 12:09:00
710000000000000015,2043642606338903015,法律话题第15期,围绕文化体验的实用讨论第15期,这是一篇关于法律与文化体验的内容样例 涵盖场景建议和经验复盘 编号15,https://cdn.knowledgelink.local/forum/mix/cover_15.jpg,法律,文化体验,踩坑复盘,观点讨论,公开,635,200,107,5,2026-02-01 11:45:00,2026-02-01 12:20:00
710000000000000016,2043642606338903016,教育话题第16期,围绕职业成长的实用讨论第16期,这是一篇关于教育与职业成长的内容样例 涵盖场景建议和经验复盘 编号16,https://cdn.knowledgelink.local/forum/mix/cover_16.jpg,教育,职业成长,案例解析,资源分享,仅粉丝,672,213,114,5,2026-02-01 11:56:00,2026-02-01 12:31:00
710000000000000017,2043642606338903017,游戏话题第17期,围绕生活方式的实用讨论第17期,这是一篇关于游戏与生活方式的内容样例 涵盖场景建议和经验复盘 编号17,https://cdn.knowledgelink.local/forum/mix/cover_17.jpg,游戏,生活方式,清单推荐,经验总结,公开,709,226,121,5,2026-02-01 12:07:00,2026-02-01 12:42:00
710000000000000018,2043642606338903018,公益话题第18期,围绕兴趣爱好的实用讨论第18期,这是一篇关于公益与兴趣爱好的内容样例 涵盖场景建议和经验复盘 编号18,https://cdn.knowledgelink.local/forum/mix/cover_18.jpg,公益,兴趣爱好,趋势观察,问题求助,公开,746,239,128,5,2026-02-01 12:18:00,2026-02-01 12:53:00
710000000000000019,2043642606338903019,艺术话题第19期,围绕家庭关系的实用讨论第19期,这是一篇关于艺术与家庭关系的内容样例 涵盖场景建议和经验复盘 编号19,https://cdn.knowledgelink.local/forum/mix/cover_19.jpg,艺术,家庭关系,入门指南,观点讨论,公开,783,252,135,5,2026-02-01 12:29:00,2026-02-01 13:04:00
710000000000000020,2043642606338903020,时尚话题第20期,围绕城市探索的实用讨论第20期,这是一篇关于时尚与城市探索的内容样例 涵盖场景建议和经验复盘 编号20,https://cdn.knowledgelink.local/forum/mix/cover_20.jpg,时尚,城市探索,经验分享,资源分享,仅粉丝,820,265,142,5,2026-02-01 12:40:00,2026-02-01 13:15:00
710000000000000021,2043642606338903021,旅行话题第21期,围绕消费观察的实用讨论第21期,这是一篇关于旅行与消费观察的内容样例 涵盖场景建议和经验复盘 编号21,https://cdn.knowledgelink.local/forum/mix/cover_21.jpg,旅行,消费观察,踩坑复盘,经验总结,公开,857,278,149,5,2026-02-01 12:51:00,2026-02-01 13:26:00
710000000000000022,2043642606338903022,美食话题第22期,围绕健康习惯的实用讨论第22期,这是一篇关于美食与健康习惯的内容样例 涵盖场景建议和经验复盘 编号22,https://cdn.knowledgelink.local/forum/mix/cover_22.jpg,美食,健康习惯,案例解析,问题求助,公开,894,291,156,5,2026-02-01 13:02:00,2026-02-01 13:37:00
710000000000000023,2043642606338903023,财经话题第23期,围绕文化体验的实用讨论第23期,这是一篇关于财经与文化体验的内容样例 涵盖场景建议和经验复盘 编号23,https://cdn.knowledgelink.local/forum/mix/cover_23.jpg,财经,文化体验,清单推荐,观点讨论,公开,931,304,163,5,2026-02-01 13:13:00,2026-02-01 13:48:00
710000000000000024,2043642606338903024,育儿话题第24期,围绕职业成长的实用讨论第24期,这是一篇关于育儿与职业成长的内容样例 涵盖场景建议和经验复盘 编号24,https://cdn.knowledgelink.local/forum/mix/cover_24.jpg,育儿,职业成长,趋势观察,资源分享,仅粉丝,968,317,170,5,2026-02-01 13:24:00,2026-02-01 13:59:00
710000000000000025,2043642606338903025,摄影话题第25期,围绕生活方式的实用讨论第25期,这是一篇关于摄影与生活方式的内容样例 涵盖场景建议和经验复盘 编号25,https://cdn.knowledgelink.local/forum/mix/cover_25.jpg,摄影,生活方式,入门指南,经验总结,公开,1005,330,177,5,2026-02-01 13:35:00,2026-02-01 14:10:00
710000000000000026,2043642606338903026,电影话题第26期,围绕兴趣爱好的实用讨论第26期,这是一篇关于电影与兴趣爱好的内容样例 涵盖场景建议和经验复盘 编号26,https://cdn.knowledgelink.local/forum/mix/cover_26.jpg,电影,兴趣爱好,经验分享,问题求助,公开,1042,343,184,5,2026-02-01 13:46:00,2026-02-01 14:21:00
710000000000000027,2043642606338903027,读书话题第27期,围绕家庭关系的实用讨论第27期,这是一篇关于读书与家庭关系的内容样例 涵盖场景建议和经验复盘 编号27,https://cdn.knowledgelink.local/forum/mix/cover_27.jpg,读书,家庭关系,踩坑复盘,观点讨论,公开,1079,356,191,5,2026-02-01 13:57:00,2026-02-01 14:32:00
710000000000000028,2043642606338903028,健身话题第28期,围绕城市探索的实用讨论第28期,这是一篇关于健身与城市探索的内容样例 涵盖场景建议和经验复盘 编号28,https://cdn.knowledgelink.local/forum/mix/cover_28.jpg,健身,城市探索,案例解析,资源分享,仅粉丝,1116,369,198,5,2026-02-01 14:08:00,2026-02-01 14:43:00
710000000000000029,2043642606338903029,职场话题第29期,围绕消费观察的实用讨论第29期,这是一篇关于职场与消费观察的内容样例 涵盖场景建议和经验复盘 编号29,https://cdn.knowledgelink.local/forum/mix/cover_29.jpg,职场,消费观察,清单推荐,经验总结,公开,1153,382,205,5,2026-02-01 14:19:00,2026-02-01 14:54:00
710000000000000030,2043642606338903030,心理话题第30期,围绕健康习惯的实用讨论第30期,这是一篇关于心理与健康习惯的内容样例 涵盖场景建议和经验复盘 编号30,https://cdn.knowledgelink.local/forum/mix/cover_30.jpg,心理,健康习惯,趋势观察,问题求助,公开,1190,395,212,5,2026-02-01 14:30:00,2026-02-01 15:05:00
710000000000000031,2043642606338903031,音乐话题第31期,围绕文化体验的实用讨论第31期,这是一篇关于音乐与文化体验的内容样例 涵盖场景建议和经验复盘 编号31,https://cdn.knowledgelink.local/forum/mix/cover_31.jpg,音乐,文化体验,入门指南,观点讨论,公开,1227,408,219,5,2026-02-01 14:41:00,2026-02-01 15:16:00
710000000000000032,2043642606338903032,家居话题第32期,围绕职业成长的实用讨论第32期,这是一篇关于家居与职业成长的内容样例 涵盖场景建议和经验复盘 编号32,https://cdn.knowledgelink.local/forum/mix/cover_32.jpg,家居,职业成长,经验分享,资源分享,仅粉丝,1264,421,226,5,2026-02-01 14:52:00,2026-02-01 15:27:00
710000000000000033,2043642606338903033,宠物话题第33期,围绕生活方式的实用讨论第33期,这是一篇关于宠物与生活方式的内容样例 涵盖场景建议和经验复盘 编号33,https://cdn.knowledgelink.local/forum/mix/cover_33.jpg,宠物,生活方式,踩坑复盘,经验总结,公开,1301,434,233,5,2026-02-01 15:03:00,2026-02-01 15:38:00
710000000000000034,2043642606338903034,汽车话题第34期,围绕兴趣爱好的实用讨论第34期,这是一篇关于汽车与兴趣爱好的内容样例 涵盖场景建议和经验复盘 编号34,https://cdn.knowledgelink.local/forum/mix/cover_34.jpg,汽车,兴趣爱好,案例解析,问题求助,公开,1338,447,240,5,2026-02-01 15:14:00,2026-02-01 15:49:00
710000000000000035,2043642606338903035,法律话题第35期,围绕家庭关系的实用讨论第35期,这是一篇关于法律与家庭关系的内容样例 涵盖场景建议和经验复盘 编号35,https://cdn.knowledgelink.local/forum/mix/cover_35.jpg,法律,家庭关系,清单推荐,观点讨论,公开,1375,460,247,5,2026-02-01 15:25:00,2026-02-01 16:00:00
710000000000000036,2043642606338903036,教育话题第36期,围绕城市探索的实用讨论第36期,这是一篇关于教育与城市探索的内容样例 涵盖场景建议和经验复盘 编号36,https://cdn.knowledgelink.local/forum/mix/cover_36.jpg,教育,城市探索,趋势观察,资源分享,仅粉丝,1412,473,254,5,2026-02-01 15:36:00,2026-02-01 16:11:00
710000000000000037,2043642606338903037,游戏话题第37期,围绕消费观察的实用讨论第37期,这是一篇关于游戏与消费观察的内容样例 涵盖场景建议和经验复盘 编号37,https://cdn.knowledgelink.local/forum/mix/cover_37.jpg,游戏,消费观察,入门指南,经验总结,公开,1449,486,261,5,2026-02-01 15:47:00,2026-02-01 16:22:00
710000000000000038,2043642606338903038,公益话题第38期,围绕健康习惯的实用讨论第38期,这是一篇关于公益与健康习惯的内容样例 涵盖场景建议和经验复盘 编号38,https://cdn.knowledgelink.local/forum/mix/cover_38.jpg,公益,健康习惯,经验分享,问题求助,公开,1486,499,268,5,2026-02-01 15:58:00,2026-02-01 16:33:00
710000000000000039,2043642606338903039,艺术话题第39期,围绕文化体验的实用讨论第39期,这是一篇关于艺术与文化体验的内容样例 涵盖场景建议和经验复盘 编号39,https://cdn.knowledgelink.local/forum/mix/cover_39.jpg,艺术,文化体验,踩坑复盘,观点讨论,公开,1523,512,275,5,2026-02-01 16:09:00,2026-02-01 16:44:00
710000000000000040,2043642606338903040,时尚话题第40期,围绕职业成长的实用讨论第40期,这是一篇关于时尚与职业成长的内容样例 涵盖场景建议和经验复盘 编号40,https://cdn.knowledgelink.local/forum/mix/cover_40.jpg,时尚,职业成长,案例解析,资源分享,仅粉丝,1560,525,282,5,2026-02-01 16:20:00,2026-02-01 16:55:00
710000000000000041,2043642606338903041,旅行话题第41期,围绕生活方式的实用讨论第41期,这是一篇关于旅行与生活方式的内容样例 涵盖场景建议和经验复盘 编号41,https://cdn.knowledgelink.local/forum/mix/cover_41.jpg,旅行,生活方式,清单推荐,经验总结,公开,1597,538,289,5,2026-02-01 16:31:00,2026-02-01 17:06:00
710000000000000042,2043642606338903042,美食话题第42期,围绕兴趣爱好的实用讨论第42期,这是一篇关于美食与兴趣爱好的内容样例 涵盖场景建议和经验复盘 编号42,https://cdn.knowledgelink.local/forum/mix/cover_42.jpg,美食,兴趣爱好,趋势观察,问题求助,公开,1634,551,296,5,2026-02-01 16:42:00,2026-02-01 17:17:00
710000000000000043,2043642606338903043,财经话题第43期,围绕家庭关系的实用讨论第43期,这是一篇关于财经与家庭关系的内容样例 涵盖场景建议和经验复盘 编号43,https://cdn.knowledgelink.local/forum/mix/cover_43.jpg,财经,家庭关系,入门指南,观点讨论,公开,1671,564,3,5,2026-02-01 16:53:00,2026-02-01 17:28:00
710000000000000044,2043642606338903044,育儿话题第44期,围绕城市探索的实用讨论第44期,这是一篇关于育儿与城市探索的内容样例 涵盖场景建议和经验复盘 编号44,https://cdn.knowledgelink.local/forum/mix/cover_44.jpg,育儿,城市探索,经验分享,资源分享,仅粉丝,1708,577,10,5,2026-02-01 17:04:00,2026-02-01 17:39:00
710000000000000045,2043642606338903045,摄影话题第45期,围绕消费观察的实用讨论第45期,这是一篇关于摄影与消费观察的内容样例 涵盖场景建议和经验复盘 编号45,https://cdn.knowledgelink.local/forum/mix/cover_45.jpg,摄影,消费观察,踩坑复盘,经验总结,公开,1745,590,17,5,2026-02-01 17:15:00,2026-02-01 17:50:00
710000000000000046,2043642606338903046,电影话题第46期,围绕健康习惯的实用讨论第46期,这是一篇关于电影与健康习惯的内容样例 涵盖场景建议和经验复盘 编号46,https://cdn.knowledgelink.local/forum/mix/cover_46.jpg,电影,健康习惯,案例解析,问题求助,公开,1782,603,24,5,2026-02-01 17:26:00,2026-02-01 18:01:00
710000000000000047,2043642606338903047,读书话题第47期,围绕文化体验的实用讨论第47期,这是一篇关于读书与文化体验的内容样例 涵盖场景建议和经验复盘 编号47,https://cdn.knowledgelink.local/forum/mix/cover_47.jpg,读书,文化体验,清单推荐,观点讨论,公开,1819,616,31,5,2026-02-01 17:37:00,2026-02-01 18:12:00
710000000000000048,2043642606338903048,健身话题第48期,围绕职业成长的实用讨论第48期,这是一篇关于健身与职业成长的内容样例 涵盖场景建议和经验复盘 编号48,https://cdn.knowledgelink.local/forum/mix/cover_48.jpg,健身,职业成长,趋势观察,资源分享,仅粉丝,1856,629,38,5,2026-02-01 17:48:00,2026-02-01 18:23:00
710000000000000049,2043642606338903049,职场话题第49期,围绕生活方式的实用讨论第49期,这是一篇关于职场与生活方式的内容样例 涵盖场景建议和经验复盘 编号49,https://cdn.knowledgelink.local/forum/mix/cover_49.jpg,职场,生活方式,入门指南,经验总结,公开,1893,642,45,5,2026-02-01 17:59:00,2026-02-01 18:34:00
710000000000000050,2043642606338903050,心理话题第50期,围绕兴趣爱好的实用讨论第50期,这是一篇关于心理与兴趣爱好的内容样例 涵盖场景建议和经验复盘 编号50,https://cdn.knowledgelink.local/forum/mix/cover_50.jpg,心理,兴趣爱好,经验分享,问题求助,公开,1930,655,52,5,2026-02-01 18:10:00,2026-02-01 18:45:00
710000000000000051,2043642606338903051,音乐话题第51期,围绕家庭关系的实用讨论第51期,这是一篇关于音乐与家庭关系的内容样例 涵盖场景建议和经验复盘 编号51,https://cdn.knowledgelink.local/forum/mix/cover_51.jpg,音乐,家庭关系,踩坑复盘,观点讨论,公开,1967,668,59,5,2026-02-01 18:21:00,2026-02-01 18:56:00
710000000000000052,2043642606338903052,家居话题第52期,围绕城市探索的实用讨论第52期,这是一篇关于家居与城市探索的内容样例 涵盖场景建议和经验复盘 编号52,https://cdn.knowledgelink.local/forum/mix/cover_52.jpg,家居,城市探索,案例解析,资源分享,仅粉丝,2004,681,66,5,2026-02-01 18:32:00,2026-02-01 19:07:00
710000000000000053,2043642606338903053,宠物话题第53期,围绕消费观察的实用讨论第53期,这是一篇关于宠物与消费观察的内容样例 涵盖场景建议和经验复盘 编号53,https://cdn.knowledgelink.local/forum/mix/cover_53.jpg,宠物,消费观察,清单推荐,经验总结,公开,2041,694,73,5,2026-02-01 18:43:00,2026-02-01 19:18:00
710000000000000054,2043642606338903054,汽车话题第54期,围绕健康习惯的实用讨论第54期,这是一篇关于汽车与健康习惯的内容样例 涵盖场景建议和经验复盘 编号54,https://cdn.knowledgelink.local/forum/mix/cover_54.jpg,汽车,健康习惯,趋势观察,问题求助,公开,2078,707,80,5,2026-02-01 18:54:00,2026-02-01 19:29:00
710000000000000055,2043642606338903055,法律话题第55期,围绕文化体验的实用讨论第55期,这是一篇关于法律与文化体验的内容样例 涵盖场景建议和经验复盘 编号55,https://cdn.knowledgelink.local/forum/mix/cover_55.jpg,法律,文化体验,入门指南,观点讨论,公开,2115,720,87,5,2026-02-01 19:05:00,2026-02-01 19:40:00
710000000000000056,2043642606338903056,教育话题第56期,围绕职业成长的实用讨论第56期,这是一篇关于教育与职业成长的内容样例 涵盖场景建议和经验复盘 编号56,https://cdn.knowledgelink.local/forum/mix/cover_56.jpg,教育,职业成长,经验分享,资源分享,仅粉丝,2152,733,94,5,2026-02-01 19:16:00,2026-02-01 19:51:00
710000000000000057,2043642606338903057,游戏话题第57期,围绕生活方式的实用讨论第57期,这是一篇关于游戏与生活方式的内容样例 涵盖场景建议和经验复盘 编号57,https://cdn.knowledgelink.local/forum/mix/cover_57.jpg,游戏,生活方式,踩坑复盘,经验总结,公开,2189,746,101,5,2026-02-01 19:27:00,2026-02-01 20:02:00
710000000000000058,2043642606338903058,公益话题第58期,围绕兴趣爱好的实用讨论第58期,这是一篇关于公益与兴趣爱好的内容样例 涵盖场景建议和经验复盘 编号58,https://cdn.knowledgelink.local/forum/mix/cover_58.jpg,公益,兴趣爱好,案例解析,问题求助,公开,2226,759,108,5,2026-02-01 19:38:00,2026-02-01 20:13:00
710000000000000059,2043642606338903059,艺术话题第59期,围绕家庭关系的实用讨论第59期,这是一篇关于艺术与家庭关系的内容样例 涵盖场景建议和经验复盘 编号59,https://cdn.knowledgelink.local/forum/mix/cover_59.jpg,艺术,家庭关系,清单推荐,观点讨论,公开,2263,772,115,5,2026-02-01 19:49:00,2026-02-01 20:24:00
710000000000000060,2043642606338903060,时尚话题第60期,围绕城市探索的实用讨论第60期,这是一篇关于时尚与城市探索的内容样例 涵盖场景建议和经验复盘 编号60,https://cdn.knowledgelink.local/forum/mix/cover_60.jpg,时尚,城市探索,趋势观察,资源分享,仅粉丝,2300,785,122,5,2026-02-01 20:00:00,2026-02-01 20:35:00
710000000000000061,2043642606338903061,旅行话题第61期,围绕消费观察的实用讨论第61期,这是一篇关于旅行与消费观察的内容样例 涵盖场景建议和经验复盘 编号61,https://cdn.knowledgelink.local/forum/mix/cover_61.jpg,旅行,消费观察,入门指南,经验总结,公开,2337,798,129,5,2026-02-01 20:11:00,2026-02-01 20:46:00
710000000000000062,2043642606338903062,美食话题第62期,围绕健康习惯的实用讨论第62期,这是一篇关于美食与健康习惯的内容样例 涵盖场景建议和经验复盘 编号62,https://cdn.knowledgelink.local/forum/mix/cover_62.jpg,美食,健康习惯,经验分享,问题求助,公开,2374,11,136,5,2026-02-01 20:22:00,2026-02-01 20:57:00
710000000000000063,2043642606338903063,财经话题第63期,围绕文化体验的实用讨论第63期,这是一篇关于财经与文化体验的内容样例 涵盖场景建议和经验复盘 编号63,https://cdn.knowledgelink.local/forum/mix/cover_63.jpg,财经,文化体验,踩坑复盘,观点讨论,公开,2411,24,143,5,2026-02-01 20:33:00,2026-02-01 21:08:00
710000000000000064,2043642606338903064,育儿话题第64期,围绕职业成长的实用讨论第64期,这是一篇关于育儿与职业成长的内容样例 涵盖场景建议和经验复盘 编号64,https://cdn.knowledgelink.local/forum/mix/cover_64.jpg,育儿,职业成长,案例解析,资源分享,仅粉丝,2448,37,150,5,2026-02-01 20:44:00,2026-02-01 21:19:00
710000000000000065,2043642606338903065,摄影话题第65期,围绕生活方式的实用讨论第65期,这是一篇关于摄影与生活方式的内容样例 涵盖场景建议和经验复盘 编号65,https://cdn.knowledgelink.local/forum/mix/cover_65.jpg,摄影,生活方式,清单推荐,经验总结,公开,2485,50,157,5,2026-02-01 20:55:00,2026-02-01 21:30:00
710000000000000066,2043642606338903066,电影话题第66期,围绕兴趣爱好的实用讨论第66期,这是一篇关于电影与兴趣爱好的内容样例 涵盖场景建议和经验复盘 编号66,https://cdn.knowledgelink.local/forum/mix/cover_66.jpg,电影,兴趣爱好,趋势观察,问题求助,公开,2522,63,164,5,2026-02-01 21:06:00,2026-02-01 21:41:00
710000000000000067,2043642606338903067,读书话题第67期,围绕家庭关系的实用讨论第67期,这是一篇关于读书与家庭关系的内容样例 涵盖场景建议和经验复盘 编号67,https://cdn.knowledgelink.local/forum/mix/cover_67.jpg,读书,家庭关系,入门指南,观点讨论,公开,2559,76,171,5,2026-02-01 21:17:00,2026-02-01 21:52:00
710000000000000068,2043642606338903068,健身话题第68期,围绕城市探索的实用讨论第68期,这是一篇关于健身与城市探索的内容样例 涵盖场景建议和经验复盘 编号68,https://cdn.knowledgelink.local/forum/mix/cover_68.jpg,健身,城市探索,经验分享,资源分享,仅粉丝,2596,89,178,5,2026-02-01 21:28:00,2026-02-01 22:03:00
710000000000000069,2043642606338903069,职场话题第69期,围绕消费观察的实用讨论第69期,这是一篇关于职场与消费观察的内容样例 涵盖场景建议和经验复盘 编号69,https://cdn.knowledgelink.local/forum/mix/cover_69.jpg,职场,消费观察,踩坑复盘,经验总结,公开,2633,102,185,5,2026-02-01 21:39:00,2026-02-01 22:14:00
710000000000000070,2043642606338903070,心理话题第70期,围绕健康习惯的实用讨论第70期,这是一篇关于心理与健康习惯的内容样例 涵盖场景建议和经验复盘 编号70,https://cdn.knowledgelink.local/forum/mix/cover_70.jpg,心理,健康习惯,案例解析,问题求助,公开,2670,115,192,5,2026-02-01 21:50:00,2026-02-01 22:25:00
710000000000000071,2043642606338903071,音乐话题第71期,围绕文化体验的实用讨论第71期,这是一篇关于音乐与文化体验的内容样例 涵盖场景建议和经验复盘 编号71,https://cdn.knowledgelink.local/forum/mix/cover_71.jpg,音乐,文化体验,清单推荐,观点讨论,公开,2707,128,199,5,2026-02-01 22:01:00,2026-02-01 22:36:00
710000000000000072,2043642606338903072,家居话题第72期,围绕职业成长的实用讨论第72期,这是一篇关于家居与职业成长的内容样例 涵盖场景建议和经验复盘 编号72,https://cdn.knowledgelink.local/forum/mix/cover_72.jpg,家居,职业成长,趋势观察,资源分享,仅粉丝,2744,141,206,5,2026-02-01 22:12:00,2026-02-01 22:47:00
710000000000000073,2043642606338903073,宠物话题第73期,围绕生活方式的实用讨论第73期,这是一篇关于宠物与生活方式的内容样例 涵盖场景建议和经验复盘 编号73,https://cdn.knowledgelink.local/forum/mix/cover_73.jpg,宠物,生活方式,入门指南,经验总结,公开,2781,154,213,5,2026-02-01 22:23:00,2026-02-01 22:58:00
710000000000000074,2043642606338903074,汽车话题第74期,围绕兴趣爱好的实用讨论第74期,这是一篇关于汽车与兴趣爱好的内容样例 涵盖场景建议和经验复盘 编号74,https://cdn.knowledgelink.local/forum/mix/cover_74.jpg,汽车,兴趣爱好,经验分享,问题求助,公开,2818,167,220,5,2026-02-01 22:34:00,2026-02-01 23:09:00
710000000000000075,2043642606338903075,法律话题第75期,围绕家庭关系的实用讨论第75期,这是一篇关于法律与家庭关系的内容样例 涵盖场景建议和经验复盘 编号75,https://cdn.knowledgelink.local/forum/mix/cover_75.jpg,法律,家庭关系,踩坑复盘,观点讨论,公开,2855,180,227,5,2026-02-01 22:45:00,2026-02-01 23:20:00
710000000000000076,2043642606338903076,教育话题第76期,围绕城市探索的实用讨论第76期,这是一篇关于教育与城市探索的内容样例 涵盖场景建议和经验复盘 编号76,https://cdn.knowledgelink.local/forum/mix/cover_76.jpg,教育,城市探索,案例解析,资源分享,仅粉丝,2892,193,234,5,2026-02-01 22:56:00,2026-02-01 23:31:00
710000000000000077,2043642606338903077,游戏话题第77期,围绕消费观察的实用讨论第77期,这是一篇关于游戏与消费观察的内容样例 涵盖场景建议和经验复盘 编号77,https://cdn.knowledgelink.local/forum/mix/cover_77.jpg,游戏,消费观察,清单推荐,经验总结,公开,2929,206,241,5,2026-02-01 23:07:00,2026-02-01 23:42:00
710000000000000078,2043642606338903078,公益话题第78期,围绕健康习惯的实用讨论第78期,这是一篇关于公益与健康习惯的内容样例 涵盖场景建议和经验复盘 编号78,https://cdn.knowledgelink.local/forum/mix/cover_78.jpg,公益,健康习惯,趋势观察,问题求助,公开,2966,219,248,5,2026-02-01 23:18:00,2026-02-01 23:53:00
710000000000000079,2043642606338903079,艺术话题第79期,围绕文化体验的实用讨论第79期,这是一篇关于艺术与文化体验的内容样例 涵盖场景建议和经验复盘 编号79,https://cdn.knowledgelink.local/forum/mix/cover_79.jpg,艺术,文化体验,入门指南,观点讨论,公开,3003,232,255,5,2026-02-01 23:29:00,2026-02-02 00:04:00
710000000000000080,2043642606338903080,时尚话题第80期,围绕职业成长的实用讨论第80期,这是一篇关于时尚与职业成长的内容样例 涵盖场景建议和经验复盘 编号80,https://cdn.knowledgelink.local/forum/mix/cover_80.jpg,时尚,职业成长,经验分享,资源分享,仅粉丝,3040,245,262,5,2026-02-01 23:40:00,2026-02-02 00:15:00
710000000000000081,2043642606338903081,旅行话题第81期,围绕生活方式的实用讨论第81期,这是一篇关于旅行与生活方式的内容样例 涵盖场景建议和经验复盘 编号81,https://cdn.knowledgelink.local/forum/mix/cover_81.jpg,旅行,生活方式,踩坑复盘,经验总结,公开,3077,258,269,5,2026-02-01 23:51:00,2026-02-02 00:26:00
710000000000000082,2043642606338903082,美食话题第82期,围绕兴趣爱好的实用讨论第82期,这是一篇关于美食与兴趣爱好的内容样例 涵盖场景建议和经验复盘 编号82,https://cdn.knowledgelink.local/forum/mix/cover_82.jpg,美食,兴趣爱好,案例解析,问题求助,公开,3114,271,276,5,2026-02-02 00:02:00,2026-02-02 00:37:00
710000000000000083,2043642606338903083,财经话题第83期,围绕家庭关系的实用讨论第83期,这是一篇关于财经与家庭关系的内容样例 涵盖场景建议和经验复盘 编号83,https://cdn.knowledgelink.local/forum/mix/cover_83.jpg,财经,家庭关系,清单推荐,观点讨论,公开,3151,284,283,5,2026-02-02 00:13:00,2026-02-02 00:48:00
710000000000000084,2043642606338903084,育儿话题第84期,围绕城市探索的实用讨论第84期,这是一篇关于育儿与城市探索的内容样例 涵盖场景建议和经验复盘 编号84,https://cdn.knowledgelink.local/forum/mix/cover_84.jpg,育儿,城市探索,趋势观察,资源分享,仅粉丝,3188,297,290,5,2026-02-02 00:24:00,2026-02-02 00:59:00
710000000000000085,2043642606338903085,摄影话题第85期,围绕消费观察的实用讨论第85期,这是一篇关于摄影与消费观察的内容样例 涵盖场景建议和经验复盘 编号85,https://cdn.knowledgelink.local/forum/mix/cover_85.jpg,摄影,消费观察,入门指南,经验总结,公开,3225,310,297,5,2026-02-02 00:35:00,2026-02-02 01:10:00
710000000000000086,2043642606338903086,电影话题第86期,围绕健康习惯的实用讨论第86期,这是一篇关于电影与健康习惯的内容样例 涵盖场景建议和经验复盘 编号86,https://cdn.knowledgelink.local/forum/mix/cover_86.jpg,电影,健康习惯,经验分享,问题求助,公开,3262,323,4,5,2026-02-02 00:46:00,2026-02-02 01:21:00
710000000000000087,2043642606338903087,读书话题第87期,围绕文化体验的实用讨论第87期,这是一篇关于读书与文化体验的内容样例 涵盖场景建议和经验复盘 编号87,https://cdn.knowledgelink.local/forum/mix/cover_87.jpg,读书,文化体验,踩坑复盘,观点讨论,公开,3299,336,11,5,2026-02-02 00:57:00,2026-02-02 01:32:00
710000000000000088,2043642606338903088,健身话题第88期,围绕职业成长的实用讨论第88期,这是一篇关于健身与职业成长的内容样例 涵盖场景建议和经验复盘 编号88,https://cdn.knowledgelink.local/forum/mix/cover_88.jpg,健身,职业成长,案例解析,资源分享,仅粉丝,3336,349,18,5,2026-02-02 01:08:00,2026-02-02 01:43:00
710000000000000089,2043642606338903089,职场话题第89期,围绕生活方式的实用讨论第89期,这是一篇关于职场与生活方式的内容样例 涵盖场景建议和经验复盘 编号89,https://cdn.knowledgelink.local/forum/mix/cover_89.jpg,职场,生活方式,清单推荐,经验总结,公开,3373,362,25,5,2026-02-02 01:19:00,2026-02-02 01:54:00
710000000000000090,2043642606338903090,心理话题第90期,围绕兴趣爱好的实用讨论第90期,这是一篇关于心理与兴趣爱好的内容样例 涵盖场景建议和经验复盘 编号90,https://cdn.knowledgelink.local/forum/mix/cover_90.jpg,心理,兴趣爱好,趋势观察,问题求助,公开,3410,375,32,5,2026-02-02 01:30:00,2026-02-02 02:05:00
710000000000000091,2043642606338903091,音乐话题第91期,围绕家庭关系的实用讨论第91期,这是一篇关于音乐与家庭关系的内容样例 涵盖场景建议和经验复盘 编号91,https://cdn.knowledgelink.local/forum/mix/cover_91.jpg,音乐,家庭关系,入门指南,观点讨论,公开,3447,388,39,5,2026-02-02 01:41:00,2026-02-02 02:16:00
710000000000000092,2043642606338903092,家居话题第92期,围绕城市探索的实用讨论第92期,这是一篇关于家居与城市探索的内容样例 涵盖场景建议和经验复盘 编号92,https://cdn.knowledgelink.local/forum/mix/cover_92.jpg,家居,城市探索,经验分享,资源分享,仅粉丝,3484,401,46,5,2026-02-02 01:52:00,2026-02-02 02:27:00
710000000000000093,2043642606338903093,宠物话题第93期,围绕消费观察的实用讨论第93期,这是一篇关于宠物与消费观察的内容样例 涵盖场景建议和经验复盘 编号93,https://cdn.knowledgelink.local/forum/mix/cover_93.jpg,宠物,消费观察,踩坑复盘,经验总结,公开,3521,414,53,5,2026-02-02 02:03:00,2026-02-02 02:38:00
710000000000000094,2043642606338903094,汽车话题第94期,围绕健康习惯的实用讨论第94期,这是一篇关于汽车与健康习惯的内容样例 涵盖场景建议和经验复盘 编号94,https://cdn.knowledgelink.local/forum/mix/cover_94.jpg,汽车,健康习惯,案例解析,问题求助,公开,3558,427,60,5,2026-02-02 02:14:00,2026-02-02 02:49:00
710000000000000095,2043642606338903095,法律话题第95期,围绕文化体验的实用讨论第95期,这是一篇关于法律与文化体验的内容样例 涵盖场景建议和经验复盘 编号95,https://cdn.knowledgelink.local/forum/mix/cover_95.jpg,法律,文化体验,清单推荐,观点讨论,公开,3595,440,67,5,2026-02-02 02:25:00,2026-02-02 03:00:00
710000000000000096,2043642606338903096,教育话题第96期,围绕职业成长的实用讨论第96期,这是一篇关于教育与职业成长的内容样例 涵盖场景建议和经验复盘 编号96,https://cdn.knowledgelink.local/forum/mix/cover_96.jpg,教育,职业成长,趋势观察,资源分享,仅粉丝,3632,453,74,5,2026-02-02 02:36:00,2026-02-02 03:11:00
710000000000000097,2043642606338903097,游戏话题第97期,围绕生活方式的实用讨论第97期,这是一篇关于游戏与生活方式的内容样例 涵盖场景建议和经验复盘 编号97,https://cdn.knowledgelink.local/forum/mix/cover_97.jpg,游戏,生活方式,入门指南,经验总结,公开,3669,466,81,5,2026-02-02 02:47:00,2026-02-02 03:22:00
710000000000000098,2043642606338903098,公益话题第98期,围绕兴趣爱好的实用讨论第98期,这是一篇关于公益与兴趣爱好的内容样例 涵盖场景建议和经验复盘 编号98,https://cdn.knowledgelink.local/forum/mix/cover_98.jpg,公益,兴趣爱好,经验分享,问题求助,公开,3706,479,88,5,2026-02-02 02:58:00,2026-02-02 03:33:00
710000000000000099,2043642606338903099,艺术话题第99期,围绕家庭关系的实用讨论第99期,这是一篇关于艺术与家庭关系的内容样例 涵盖场景建议和经验复盘 编号99,https://cdn.knowledgelink.local/forum/mix/cover_99.jpg,艺术,家庭关系,踩坑复盘,观点讨论,公开,3743,492,95,5,2026-02-02 03:09:00,2026-02-02 03:44:00
710000000000000100,2043642606338903100,时尚话题第100期,围绕城市探索的实用讨论第100期,这是一篇关于时尚与城市探索的内容样例 涵盖场景建议和经验复盘 编号100,https://cdn.knowledgelink.local/forum/mix/cover_100.jpg,时尚,城市探索,案例解析,资源分享,仅粉丝,3780,505,102,5,2026-02-02 03:20:00,2026-02-02 03:55:00
710000000000000101,2043642606338903101,旅行话题第101期,围绕消费观察的实用讨论第101期,这是一篇关于旅行与消费观察的内容样例 涵盖场景建议和经验复盘 编号101,https://cdn.knowledgelink.local/forum/mix/cover_101.jpg,旅行,消费观察,清单推荐,经验总结,公开,3817,518,109,5,2026-02-02 03:31:00,2026-02-02 04:06:00
710000000000000102,2043642606338903102,美食话题第102期,围绕健康习惯的实用讨论第102期,这是一篇关于美食与健康习惯的内容样例 涵盖场景建议和经验复盘 编号102,https://cdn.knowledgelink.local/forum/mix/cover_102.jpg,美食,健康习惯,趋势观察,问题求助,公开,3854,531,116,5,2026-02-02 03:42:00,2026-02-02 04:17:00
710000000000000103,2043642606338903103,财经话题第103期,围绕文化体验的实用讨论第103期,这是一篇关于财经与文化体验的内容样例 涵盖场景建议和经验复盘 编号103,https://cdn.knowledgelink.local/forum/mix/cover_103.jpg,财经,文化体验,入门指南,观点讨论,公开,3891,544,123,5,2026-02-02 03:53:00,2026-02-02 04:28:00
710000000000000104,2043642606338903104,育儿话题第104期,围绕职业成长的实用讨论第104期,这是一篇关于育儿与职业成长的内容样例 涵盖场景建议和经验复盘 编号104,https://cdn.knowledgelink.local/forum/mix/cover_104.jpg,育儿,职业成长,经验分享,资源分享,仅粉丝,3928,557,130,5,2026-02-02 04:04:00,2026-02-02 04:39:00
710000000000000105,2043642606338903105,摄影话题第105期,围绕生活方式的实用讨论第105期,这是一篇关于摄影与生活方式的内容样例 涵盖场景建议和经验复盘 编号105,https://cdn.knowledgelink.local/forum/mix/cover_105.jpg,摄影,生活方式,踩坑复盘,经验总结,公开,3965,570,137,5,2026-02-02 04:15:00,2026-02-02 04:50:00
710000000000000106,2043642606338903106,电影话题第106期,围绕兴趣爱好的实用讨论第106期,这是一篇关于电影与兴趣爱好的内容样例 涵盖场景建议和经验复盘 编号106,https://cdn.knowledgelink.local/forum/mix/cover_106.jpg,电影,兴趣爱好,案例解析,问题求助,公开,4002,583,144,5,2026-02-02 04:26:00,2026-02-02 05:01:00
710000000000000107,2043642606338903107,读书话题第107期,围绕家庭关系的实用讨论第107期,这是一篇关于读书与家庭关系的内容样例 涵盖场景建议和经验复盘 编号107,https://cdn.knowledgelink.local/forum/mix/cover_107.jpg,读书,家庭关系,清单推荐,观点讨论,公开,4039,596,151,5,2026-02-02 04:37:00,2026-02-02 05:12:00
710000000000000108,2043642606338903108,健身话题第108期,围绕城市探索的实用讨论第108期,这是一篇关于健身与城市探索的内容样例 涵盖场景建议和经验复盘 编号108,https://cdn.knowledgelink.local/forum/mix/cover_108.jpg,健身,城市探索,趋势观察,资源分享,仅粉丝,4076,609,158,5,2026-02-02 04:48:00,2026-02-02 05:23:00
710000000000000109,2043642606338903109,职场话题第109期,围绕消费观察的实用讨论第109期,这是一篇关于职场与消费观察的内容样例 涵盖场景建议和经验复盘 编号109,https://cdn.knowledgelink.local/forum/mix/cover_109.jpg,职场,消费观察,入门指南,经验总结,公开,4113,622,165,5,2026-02-02 04:59:00,2026-02-02 05:34:00
710000000000000110,2043642606338903110,心理话题第110期,围绕健康习惯的实用讨论第110期,这是一篇关于心理与健康习惯的内容样例 涵盖场景建议和经验复盘 编号110,https://cdn.knowledgelink.local/forum/mix/cover_110.jpg,心理,健康习惯,经验分享,问题求助,公开,4150,635,172,5,2026-02-02 05:10:00,2026-02-02 05:45:00
710000000000000111,2043642606338903111,音乐话题第111期,围绕文化体验的实用讨论第111期,这是一篇关于音乐与文化体验的内容样例 涵盖场景建议和经验复盘 编号111,https://cdn.knowledgelink.local/forum/mix/cover_111.jpg,音乐,文化体验,踩坑复盘,观点讨论,公开,4187,648,179,5,2026-02-02 05:21:00,2026-02-02 05:56:00
710000000000000112,2043642606338903112,家居话题第112期,围绕职业成长的实用讨论第112期,这是一篇关于家居与职业成长的内容样例 涵盖场景建议和经验复盘 编号112,https://cdn.knowledgelink.local/forum/mix/cover_112.jpg,家居,职业成长,案例解析,资源分享,仅粉丝,4224,661,186,5,2026-02-02 05:32:00,2026-02-02 06:07:00
710000000000000113,2043642606338903113,宠物话题第113期,围绕生活方式的实用讨论第113期,这是一篇关于宠物与生活方式的内容样例 涵盖场景建议和经验复盘 编号113,https://cdn.knowledgelink.local/forum/mix/cover_113.jpg,宠物,生活方式,清单推荐,经验总结,公开,4261,674,193,5,2026-02-02 05:43:00,2026-02-02 06:18:00
710000000000000114,2043642606338903114,汽车话题第114期,围绕兴趣爱好的实用讨论第114期,这是一篇关于汽车与兴趣爱好的内容样例 涵盖场景建议和经验复盘 编号114,https://cdn.knowledgelink.local/forum/mix/cover_114.jpg,汽车,兴趣爱好,趋势观察,问题求助,公开,4298,687,200,5,2026-02-02 05:54:00,2026-02-02 06:29:00
710000000000000115,2043642606338903115,法律话题第115期,围绕家庭关系的实用讨论第115期,这是一篇关于法律与家庭关系的内容样例 涵盖场景建议和经验复盘 编号115,https://cdn.knowledgelink.local/forum/mix/cover_115.jpg,法律,家庭关系,入门指南,观点讨论,公开,4335,700,207,5,2026-02-02 06:05:00,2026-02-02 06:40:00
710000000000000116,2043642606338903116,教育话题第116期,围绕城市探索的实用讨论第116期,这是一篇关于教育与城市探索的内容样例 涵盖场景建议和经验复盘 编号116,https://cdn.knowledgelink.local/forum/mix/cover_116.jpg,教育,城市探索,经验分享,资源分享,仅粉丝,4372,713,214,5,2026-02-02 06:16:00,2026-02-02 06:51:00
710000000000000117,2043642606338903117,游戏话题第117期,围绕消费观察的实用讨论第117期,这是一篇关于游戏与消费观察的内容样例 涵盖场景建议和经验复盘 编号117,https://cdn.knowledgelink.local/forum/mix/cover_117.jpg,游戏,消费观察,踩坑复盘,经验总结,公开,4409,726,221,5,2026-02-02 06:27:00,2026-02-02 07:02:00
710000000000000118,2043642606338903118,公益话题第118期,围绕健康习惯的实用讨论第118期,这是一篇关于公益与健康习惯的内容样例 涵盖场景建议和经验复盘 编号118,https://cdn.knowledgelink.local/forum/mix/cover_118.jpg,公益,健康习惯,案例解析,问题求助,公开,4446,739,228,5,2026-02-02 06:38:00,2026-02-02 07:13:00
710000000000000119,2043642606338903119,艺术话题第119期,围绕文化体验的实用讨论第119期,这是一篇关于艺术与文化体验的内容样例 涵盖场景建议和经验复盘 编号119,https://cdn.knowledgelink.local/forum/mix/cover_119.jpg,艺术,文化体验,清单推荐,观点讨论,公开,4483,752,235,5,2026-02-02 06:49:00,2026-02-02 07:24:00
710000000000000120,2043642606338903120,时尚话题第120期,围绕职业成长的实用讨论第120期,这是一篇关于时尚与职业成长的内容样例 涵盖场景建议和经验复盘 编号120,https://cdn.knowledgelink.local/forum/mix/cover_120.jpg,时尚,职业成长,趋势观察,资源分享,仅粉丝,4520,765,242,5,2026-02-02 07:00:00,2026-02-02 07:35:00
710000000000000121,2043642606338903001,旅行话题第121期,围绕生活方式的实用讨论第121期,这是一篇关于旅行与生活方式的内容样例 涵盖场景建议和经验复盘 编号121,https://cdn.knowledgelink.local/forum/mix/cover_121.jpg,旅行,生活方式,入门指南,经验总结,公开,4557,778,249,5,2026-02-02 07:11:00,2026-02-02 07:46:00
710000000000000122,2043642606338903002,美食话题第122期,围绕兴趣爱好的实用讨论第122期,这是一篇关于美食与兴趣爱好的内容样例 涵盖场景建议和经验复盘 编号122,https://cdn.knowledgelink.local/forum/mix/cover_122.jpg,美食,兴趣爱好,经验分享,问题求助,公开,4594,791,256,5,2026-02-02 07:22:00,2026-02-02 07:57:00
710000000000000123,2043642606338903003,财经话题第123期,围绕家庭关系的实用讨论第123期,这是一篇关于财经与家庭关系的内容样例 涵盖场景建议和经验复盘 编号123,https://cdn.knowledgelink.local/forum/mix/cover_123.jpg,财经,家庭关系,踩坑复盘,观点讨论,公开,4631,804,263,5,2026-02-02 07:33:00,2026-02-02 08:08:00
710000000000000124,2043642606338903004,育儿话题第124期,围绕城市探索的实用讨论第124期,这是一篇关于育儿与城市探索的内容样例 涵盖场景建议和经验复盘 编号124,https://cdn.knowledgelink.local/forum/mix/cover_124.jpg,育儿,城市探索,案例解析,资源分享,仅粉丝,4668,17,270,5,2026-02-02 07:44:00,2026-02-02 08:19:00
710000000000000125,2043642606338903005,摄影话题第125期,围绕消费观察的实用讨论第125期,这是一篇关于摄影与消费观察的内容样例 涵盖场景建议和经验复盘 编号125,https://cdn.knowledgelink.local/forum/mix/cover_125.jpg,摄影,消费观察,清单推荐,经验总结,公开,4705,30,277,5,2026-02-02 07:55:00,2026-02-02 08:30:00
710000000000000126,2043642606338903006,电影话题第126期,围绕健康习惯的实用讨论第126期,这是一篇关于电影与健康习惯的内容样例 涵盖场景建议和经验复盘 编号126,https://cdn.knowledgelink.local/forum/mix/cover_126.jpg,电影,健康习惯,趋势观察,问题求助,公开,4742,43,284,5,2026-02-02 08:06:00,2026-02-02 08:41:00
710000000000000127,2043642606338903007,读书话题第127期,围绕文化体验的实用讨论第127期,这是一篇关于读书与文化体验的内容样例 涵盖场景建议和经验复盘 编号127,https://cdn.knowledgelink.local/forum/mix/cover_127.jpg,读书,文化体验,入门指南,观点讨论,公开,4779,56,291,5,2026-02-02 08:17:00,2026-02-02 08:52:00
710000000000000128,2043642606338903008,健身话题第128期,围绕职业成长的实用讨论第128期,这是一篇关于健身与职业成长的内容样例 涵盖场景建议和经验复盘 编号128,https://cdn.knowledgelink.local/forum/mix/cover_128.jpg,健身,职业成长,经验分享,资源分享,仅粉丝,4816,69,298,5,2026-02-02 08:28:00,2026-02-02 09:03:00
710000000000000129,2043642606338903009,职场话题第129期,围绕生活方式的实用讨论第129期,这是一篇关于职场与生活方式的内容样例 涵盖场景建议和经验复盘 编号129,https://cdn.knowledgelink.local/forum/mix/cover_129.jpg,职场,生活方式,踩坑复盘,经验总结,公开,4853,82,5,5,2026-02-02 08:39:00,2026-02-02 09:14:00
710000000000000130,2043642606338903010,心理话题第130期,围绕兴趣爱好的实用讨论第130期,这是一篇关于心理与兴趣爱好的内容样例 涵盖场景建议和经验复盘 编号130,https://cdn.knowledgelink.local/forum/mix/cover_130.jpg,心理,兴趣爱好,案例解析,问题求助,公开,4890,95,12,5,2026-02-02 08:50:00,2026-02-02 09:25:00
710000000000000131,2043642606338903011,音乐话题第131期,围绕家庭关系的实用讨论第131期,这是一篇关于音乐与家庭关系的内容样例 涵盖场景建议和经验复盘 编号131,https://cdn.knowledgelink.local/forum/mix/cover_131.jpg,音乐,家庭关系,清单推荐,观点讨论,公开,4927,108,19,5,2026-02-02 09:01:00,2026-02-02 09:36:00
710000000000000132,2043642606338903012,家居话题第132期,围绕城市探索的实用讨论第132期,这是一篇关于家居与城市探索的内容样例 涵盖场景建议和经验复盘 编号132,https://cdn.knowledgelink.local/forum/mix/cover_132.jpg,家居,城市探索,趋势观察,资源分享,仅粉丝,4964,121,26,5,2026-02-02 09:12:00,2026-02-02 09:47:00
710000000000000133,2043642606338903013,宠物话题第133期,围绕消费观察的实用讨论第133期,这是一篇关于宠物与消费观察的内容样例 涵盖场景建议和经验复盘 编号133,https://cdn.knowledgelink.local/forum/mix/cover_133.jpg,宠物,消费观察,入门指南,经验总结,公开,5001,134,33,5,2026-02-02 09:23:00,2026-02-02 09:58:00
710000000000000134,2043642606338903014,汽车话题第134期,围绕健康习惯的实用讨论第134期,这是一篇关于汽车与健康习惯的内容样例 涵盖场景建议和经验复盘 编号134,https://cdn.knowledgelink.local/forum/mix/cover_134.jpg,汽车,健康习惯,经验分享,问题求助,公开,5038,147,40,5,2026-02-02 09:34:00,2026-02-02 10:09:00
710000000000000135,2043642606338903015,法律话题第135期,围绕文化体验的实用讨论第135期,这是一篇关于法律与文化体验的内容样例 涵盖场景建议和经验复盘 编号135,https://cdn.knowledgelink.local/forum/mix/cover_135.jpg,法律,文化体验,踩坑复盘,观点讨论,公开,5075,160,47,5,2026-02-02 09:45:00,2026-02-02 10:20:00
710000000000000136,2043642606338903016,教育话题第136期,围绕职业成长的实用讨论第136期,这是一篇关于教育与职业成长的内容样例 涵盖场景建议和经验复盘 编号136,https://cdn.knowledgelink.local/forum/mix/cover_136.jpg,教育,职业成长,案例解析,资源分享,仅粉丝,112,173,54,5,2026-02-02 09:56:00,2026-02-02 10:31:00
710000000000000137,2043642606338903017,游戏话题第137期,围绕生活方式的实用讨论第137期,这是一篇关于游戏与生活方式的内容样例 涵盖场景建议和经验复盘 编号137,https://cdn.knowledgelink.local/forum/mix/cover_137.jpg,游戏,生活方式,清单推荐,经验总结,公开,149,186,61,5,2026-02-02 10:07:00,2026-02-02 10:42:00
710000000000000138,2043642606338903018,公益话题第138期,围绕兴趣爱好的实用讨论第138期,这是一篇关于公益与兴趣爱好的内容样例 涵盖场景建议和经验复盘 编号138,https://cdn.knowledgelink.local/forum/mix/cover_138.jpg,公益,兴趣爱好,趋势观察,问题求助,公开,186,199,68,5,2026-02-02 10:18:00,2026-02-02 10:53:00
710000000000000139,2043642606338903019,艺术话题第139期,围绕家庭关系的实用讨论第139期,这是一篇关于艺术与家庭关系的内容样例 涵盖场景建议和经验复盘 编号139,https://cdn.knowledgelink.local/forum/mix/cover_139.jpg,艺术,家庭关系,入门指南,观点讨论,公开,223,212,75,5,2026-02-02 10:29:00,2026-02-02 11:04:00
710000000000000140,2043642606338903020,时尚话题第140期,围绕城市探索的实用讨论第140期,这是一篇关于时尚与城市探索的内容样例 涵盖场景建议和经验复盘 编号140,https://cdn.knowledgelink.local/forum/mix/cover_140.jpg,时尚,城市探索,经验分享,资源分享,仅粉丝,260,225,82,5,2026-02-02 10:40:00,2026-02-02 11:15:00
710000000000000141,2043642606338903021,旅行话题第141期,围绕消费观察的实用讨论第141期,这是一篇关于旅行与消费观察的内容样例 涵盖场景建议和经验复盘 编号141,https://cdn.knowledgelink.local/forum/mix/cover_141.jpg,旅行,消费观察,踩坑复盘,经验总结,公开,297,238,89,5,2026-02-02 10:51:00,2026-02-02 11:26:00
710000000000000142,2043642606338903022,美食话题第142期,围绕健康习惯的实用讨论第142期,这是一篇关于美食与健康习惯的内容样例 涵盖场景建议和经验复盘 编号142,https://cdn.knowledgelink.local/forum/mix/cover_142.jpg,美食,健康习惯,案例解析,问题求助,公开,334,251,96,5,2026-02-02 11:02:00,2026-02-02 11:37:00
710000000000000143,2043642606338903023,财经话题第143期,围绕文化体验的实用讨论第143期,这是一篇关于财经与文化体验的内容样例 涵盖场景建议和经验复盘 编号143,https://cdn.knowledgelink.local/forum/mix/cover_143.jpg,财经,文化体验,清单推荐,观点讨论,公开,371,264,103,5,2026-02-02 11:13:00,2026-02-02 11:48:00
710000000000000144,2043642606338903024,育儿话题第144期,围绕职业成长的实用讨论第144期,这是一篇关于育儿与职业成长的内容样例 涵盖场景建议和经验复盘 编号144,https://cdn.knowledgelink.local/forum/mix/cover_144.jpg,育儿,职业成长,趋势观察,资源分享,仅粉丝,408,277,110,5,2026-02-02 11:24:00,2026-02-02 11:59:00
710000000000000145,2043642606338903025,摄影话题第145期,围绕生活方式的实用讨论第145期,这是一篇关于摄影与生活方式的内容样例 涵盖场景建议和经验复盘 编号145,https://cdn.knowledgelink.local/forum/mix/cover_145.jpg,摄影,生活方式,入门指南,经验总结,公开,445,290,117,5,2026-02-02 11:35:00,2026-02-02 12:10:00
710000000000000146,2043642606338903026,电影话题第146期,围绕兴趣爱好的实用讨论第146期,这是一篇关于电影与兴趣爱好的内容样例 涵盖场景建议和经验复盘 编号146,https://cdn.knowledgelink.local/forum/mix/cover_146.jpg,电影,兴趣爱好,经验分享,问题求助,公开,482,303,124,5,2026-02-02 11:46:00,2026-02-02 12:21:00
710000000000000147,2043642606338903027,读书话题第147期,围绕家庭关系的实用讨论第147期,这是一篇关于读书与家庭关系的内容样例 涵盖场景建议和经验复盘 编号147,https://cdn.knowledgelink.local/forum/mix/cover_147.jpg,读书,家庭关系,踩坑复盘,观点讨论,公开,519,316,131,5,2026-02-02 11:57:00,2026-02-02 12:32:00
710000000000000148,2043642606338903028,健身话题第148期,围绕城市探索的实用讨论第148期,这是一篇关于健身与城市探索的内容样例 涵盖场景建议和经验复盘 编号148,https://cdn.knowledgelink.local/forum/mix/cover_148.jpg,健身,城市探索,案例解析,资源分享,仅粉丝,556,329,138,5,2026-02-02 12:08:00,2026-02-02 12:43:00
710000000000000149,2043642606338903029,职场话题第149期,围绕消费观察的实用讨论第149期,这是一篇关于职场与消费观察的内容样例 涵盖场景建议和经验复盘 编号149,https://cdn.knowledgelink.local/forum/mix/cover_149.jpg,职场,消费观察,清单推荐,经验总结,公开,593,342,145,5,2026-02-02 12:19:00,2026-02-02 12:54:00
710000000000000150,2043642606338903030,心理话题第150期,围绕健康习惯的实用讨论第150期,这是一篇关于心理与健康习惯的内容样例 涵盖场景建议和经验复盘 编号150,https://cdn.knowledgelink.local/forum/mix/cover_150.jpg,心理,健康习惯,趋势观察,问题求助,公开,630,355,152,5,2026-02-02 12:30:00,2026-02-02 13:05:00
710000000000000151,2043642606338903031,音乐话题第151期,围绕文化体验的实用讨论第151期,这是一篇关于音乐与文化体验的内容样例 涵盖场景建议和经验复盘 编号151,https://cdn.knowledgelink.local/forum/mix/cover_151.jpg,音乐,文化体验,入门指南,观点讨论,公开,667,368,159,5,2026-02-02 12:41:00,2026-02-02 13:16:00
710000000000000152,2043642606338903032,家居话题第152期,围绕职业成长的实用讨论第152期,这是一篇关于家居与职业成长的内容样例 涵盖场景建议和经验复盘 编号152,https://cdn.knowledgelink.local/forum/mix/cover_152.jpg,家居,职业成长,经验分享,资源分享,仅粉丝,704,381,166,5,2026-02-02 12:52:00,2026-02-02 13:27:00
710000000000000153,2043642606338903033,宠物话题第153期,围绕生活方式的实用讨论第153期,这是一篇关于宠物与生活方式的内容样例 涵盖场景建议和经验复盘 编号153,https://cdn.knowledgelink.local/forum/mix/cover_153.jpg,宠物,生活方式,踩坑复盘,经验总结,公开,741,394,173,5,2026-02-02 13:03:00,2026-02-02 13:38:00
710000000000000154,2043642606338903034,汽车话题第154期,围绕兴趣爱好的实用讨论第154期,这是一篇关于汽车与兴趣爱好的内容样例 涵盖场景建议和经验复盘 编号154,https://cdn.knowledgelink.local/forum/mix/cover_154.jpg,汽车,兴趣爱好,案例解析,问题求助,公开,778,407,180,5,2026-02-02 13:14:00,2026-02-02 13:49:00
710000000000000155,2043642606338903035,法律话题第155期,围绕家庭关系的实用讨论第155期,这是一篇关于法律与家庭关系的内容样例 涵盖场景建议和经验复盘 编号155,https://cdn.knowledgelink.local/forum/mix/cover_155.jpg,法律,家庭关系,清单推荐,观点讨论,公开,815,420,187,5,2026-02-02 13:25:00,2026-02-02 14:00:00
710000000000000156,2043642606338903036,教育话题第156期,围绕城市探索的实用讨论第156期,这是一篇关于教育与城市探索的内容样例 涵盖场景建议和经验复盘 编号156,https://cdn.knowledgelink.local/forum/mix/cover_156.jpg,教育,城市探索,趋势观察,资源分享,仅粉丝,852,433,194,5,2026-02-02 13:36:00,2026-02-02 14:11:00
710000000000000157,2043642606338903037,游戏话题第157期,围绕消费观察的实用讨论第157期,这是一篇关于游戏与消费观察的内容样例 涵盖场景建议和经验复盘 编号157,https://cdn.knowledgelink.local/forum/mix/cover_157.jpg,游戏,消费观察,入门指南,经验总结,公开,889,446,201,5,2026-02-02 13:47:00,2026-02-02 14:22:00
710000000000000158,2043642606338903038,公益话题第158期,围绕健康习惯的实用讨论第158期,这是一篇关于公益与健康习惯的内容样例 涵盖场景建议和经验复盘 编号158,https://cdn.knowledgelink.local/forum/mix/cover_158.jpg,公益,健康习惯,经验分享,问题求助,公开,926,459,208,5,2026-02-02 13:58:00,2026-02-02 14:33:00
710000000000000159,2043642606338903039,艺术话题第159期,围绕文化体验的实用讨论第159期,这是一篇关于艺术与文化体验的内容样例 涵盖场景建议和经验复盘 编号159,https://cdn.knowledgelink.local/forum/mix/cover_159.jpg,艺术,文化体验,踩坑复盘,观点讨论,公开,963,472,215,5,2026-02-02 14:09:00,2026-02-02 14:44:00
710000000000000160,2043642606338903040,时尚话题第160期,围绕职业成长的实用讨论第160期,这是一篇关于时尚与职业成长的内容样例 涵盖场景建议和经验复盘 编号160,https://cdn.knowledgelink.local/forum/mix/cover_160.jpg,时尚,职业成长,案例解析,资源分享,仅粉丝,1000,485,222,5,2026-02-02 14:20:00,2026-02-02 14:55:00
710000000000000161,2043642606338903041,旅行话题第161期,围绕生活方式的实用讨论第161期,这是一篇关于旅行与生活方式的内容样例 涵盖场景建议和经验复盘 编号161,https://cdn.knowledgelink.local/forum/mix/cover_161.jpg,旅行,生活方式,清单推荐,经验总结,公开,1037,498,229,5,2026-02-02 14:31:00,2026-02-02 15:06:00
710000000000000162,2043642606338903042,美食话题第162期,围绕兴趣爱好的实用讨论第162期,这是一篇关于美食与兴趣爱好的内容样例 涵盖场景建议和经验复盘 编号162,https://cdn.knowledgelink.local/forum/mix/cover_162.jpg,美食,兴趣爱好,趋势观察,问题求助,公开,1074,511,236,5,2026-02-02 14:42:00,2026-02-02 15:17:00
710000000000000163,2043642606338903043,财经话题第163期,围绕家庭关系的实用讨论第163期,这是一篇关于财经与家庭关系的内容样例 涵盖场景建议和经验复盘 编号163,https://cdn.knowledgelink.local/forum/mix/cover_163.jpg,财经,家庭关系,入门指南,观点讨论,公开,1111,524,243,5,2026-02-02 14:53:00,2026-02-02 15:28:00
710000000000000164,2043642606338903044,育儿话题第164期,围绕城市探索的实用讨论第164期,这是一篇关于育儿与城市探索的内容样例 涵盖场景建议和经验复盘 编号164,https://cdn.knowledgelink.local/forum/mix/cover_164.jpg,育儿,城市探索,经验分享,资源分享,仅粉丝,1148,537,250,5,2026-02-02 15:04:00,2026-02-02 15:39:00
710000000000000165,2043642606338903045,摄影话题第165期,围绕消费观察的实用讨论第165期,这是一篇关于摄影与消费观察的内容样例 涵盖场景建议和经验复盘 编号165,https://cdn.knowledgelink.local/forum/mix/cover_165.jpg,摄影,消费观察,踩坑复盘,经验总结,公开,1185,550,257,5,2026-02-02 15:15:00,2026-02-02 15:50:00
710000000000000166,2043642606338903046,电影话题第166期,围绕健康习惯的实用讨论第166期,这是一篇关于电影与健康习惯的内容样例 涵盖场景建议和经验复盘 编号166,https://cdn.knowledgelink.local/forum/mix/cover_166.jpg,电影,健康习惯,案例解析,问题求助,公开,1222,563,264,5,2026-02-02 15:26:00,2026-02-02 16:01:00
710000000000000167,2043642606338903047,读书话题第167期,围绕文化体验的实用讨论第167期,这是一篇关于读书与文化体验的内容样例 涵盖场景建议和经验复盘 编号167,https://cdn.knowledgelink.local/forum/mix/cover_167.jpg,读书,文化体验,清单推荐,观点讨论,公开,1259,576,271,5,2026-02-02 15:37:00,2026-02-02 16:12:00
710000000000000168,2043642606338903048,健身话题第168期,围绕职业成长的实用讨论第168期,这是一篇关于健身与职业成长的内容样例 涵盖场景建议和经验复盘 编号168,https://cdn.knowledgelink.local/forum/mix/cover_168.jpg,健身,职业成长,趋势观察,资源分享,仅粉丝,1296,589,278,5,2026-02-02 15:48:00,2026-02-02 16:23:00
710000000000000169,2043642606338903049,职场话题第169期,围绕生活方式的实用讨论第169期,这是一篇关于职场与生活方式的内容样例 涵盖场景建议和经验复盘 编号169,https://cdn.knowledgelink.local/forum/mix/cover_169.jpg,职场,生活方式,入门指南,经验总结,公开,1333,602,285,5,2026-02-02 15:59:00,2026-02-02 16:34:00
710000000000000170,2043642606338903050,心理话题第170期,围绕兴趣爱好的实用讨论第170期,这是一篇关于心理与兴趣爱好的内容样例 涵盖场景建议和经验复盘 编号170,https://cdn.knowledgelink.local/forum/mix/cover_170.jpg,心理,兴趣爱好,经验分享,问题求助,公开,1370,615,292,5,2026-02-02 16:10:00,2026-02-02 16:45:00
710000000000000171,2043642606338903051,音乐话题第171期,围绕家庭关系的实用讨论第171期,这是一篇关于音乐与家庭关系的内容样例 涵盖场景建议和经验复盘 编号171,https://cdn.knowledgelink.local/forum/mix/cover_171.jpg,音乐,家庭关系,踩坑复盘,观点讨论,公开,1407,628,299,5,2026-02-02 16:21:00,2026-02-02 16:56:00
710000000000000172,2043642606338903052,家居话题第172期,围绕城市探索的实用讨论第172期,这是一篇关于家居与城市探索的内容样例 涵盖场景建议和经验复盘 编号172,https://cdn.knowledgelink.local/forum/mix/cover_172.jpg,家居,城市探索,案例解析,资源分享,仅粉丝,1444,641,6,5,2026-02-02 16:32:00,2026-02-02 17:07:00
710000000000000173,2043642606338903053,宠物话题第173期,围绕消费观察的实用讨论第173期,这是一篇关于宠物与消费观察的内容样例 涵盖场景建议和经验复盘 编号173,https://cdn.knowledgelink.local/forum/mix/cover_173.jpg,宠物,消费观察,清单推荐,经验总结,公开,1481,654,13,5,2026-02-02 16:43:00,2026-02-02 17:18:00
710000000000000174,2043642606338903054,汽车话题第174期,围绕健康习惯的实用讨论第174期,这是一篇关于汽车与健康习惯的内容样例 涵盖场景建议和经验复盘 编号174,https://cdn.knowledgelink.local/forum/mix/cover_174.jpg,汽车,健康习惯,趋势观察,问题求助,公开,1518,667,20,5,2026-02-02 16:54:00,2026-02-02 17:29:00
710000000000000175,2043642606338903055,法律话题第175期,围绕文化体验的实用讨论第175期,这是一篇关于法律与文化体验的内容样例 涵盖场景建议和经验复盘 编号175,https://cdn.knowledgelink.local/forum/mix/cover_175.jpg,法律,文化体验,入门指南,观点讨论,公开,1555,680,27,5,2026-02-02 17:05:00,2026-02-02 17:40:00
710000000000000176,2043642606338903056,教育话题第176期,围绕职业成长的实用讨论第176期,这是一篇关于教育与职业成长的内容样例 涵盖场景建议和经验复盘 编号176,https://cdn.knowledgelink.local/forum/mix/cover_176.jpg,教育,职业成长,经验分享,资源分享,仅粉丝,1592,693,34,5,2026-02-02 17:16:00,2026-02-02 17:51:00
710000000000000177,2043642606338903057,游戏话题第177期,围绕生活方式的实用讨论第177期,这是一篇关于游戏与生活方式的内容样例 涵盖场景建议和经验复盘 编号177,https://cdn.knowledgelink.local/forum/mix/cover_177.jpg,游戏,生活方式,踩坑复盘,经验总结,公开,1629,706,41,5,2026-02-02 17:27:00,2026-02-02 18:02:00
710000000000000178,2043642606338903058,公益话题第178期,围绕兴趣爱好的实用讨论第178期,这是一篇关于公益与兴趣爱好的内容样例 涵盖场景建议和经验复盘 编号178,https://cdn.knowledgelink.local/forum/mix/cover_178.jpg,公益,兴趣爱好,案例解析,问题求助,公开,1666,719,48,5,2026-02-02 17:38:00,2026-02-02 18:13:00
710000000000000179,2043642606338903059,艺术话题第179期,围绕家庭关系的实用讨论第179期,这是一篇关于艺术与家庭关系的内容样例 涵盖场景建议和经验复盘 编号179,https://cdn.knowledgelink.local/forum/mix/cover_179.jpg,艺术,家庭关系,清单推荐,观点讨论,公开,1703,732,55,5,2026-02-02 17:49:00,2026-02-02 18:24:00
710000000000000180,2043642606338903060,时尚话题第180期,围绕城市探索的实用讨论第180期,这是一篇关于时尚与城市探索的内容样例 涵盖场景建议和经验复盘 编号180,https://cdn.knowledgelink.local/forum/mix/cover_180.jpg,时尚,城市探索,趋势观察,资源分享,仅粉丝,1740,745,62,5,2026-02-02 18:00:00,2026-02-02 18:35:00
710000000000000181,2043642606338903061,旅行话题第181期,围绕消费观察的实用讨论第181期,这是一篇关于旅行与消费观察的内容样例 涵盖场景建议和经验复盘 编号181,https://cdn.knowledgelink.local/forum/mix/cover_181.jpg,旅行,消费观察,入门指南,经验总结,公开,1777,758,69,5,2026-02-02 18:11:00,2026-02-02 18:46:00
710000000000000182,2043642606338903062,美食话题第182期,围绕健康习惯的实用讨论第182期,这是一篇关于美食与健康习惯的内容样例 涵盖场景建议和经验复盘 编号182,https://cdn.knowledgelink.local/forum/mix/cover_182.jpg,美食,健康习惯,经验分享,问题求助,公开,1814,771,76,5,2026-02-02 18:22:00,2026-02-02 18:57:00
710000000000000183,2043642606338903063,财经话题第183期,围绕文化体验的实用讨论第183期,这是一篇关于财经与文化体验的内容样例 涵盖场景建议和经验复盘 编号183,https://cdn.knowledgelink.local/forum/mix/cover_183.jpg,财经,文化体验,踩坑复盘,观点讨论,公开,1851,784,83,5,2026-02-02 18:33:00,2026-02-02 19:08:00
710000000000000184,2043642606338903064,育儿话题第184期,围绕职业成长的实用讨论第184期,这是一篇关于育儿与职业成长的内容样例 涵盖场景建议和经验复盘 编号184,https://cdn.knowledgelink.local/forum/mix/cover_184.jpg,育儿,职业成长,案例解析,资源分享,仅粉丝,1888,797,90,5,2026-02-02 18:44:00,2026-02-02 19:19:00
710000000000000185,2043642606338903065,摄影话题第185期,围绕生活方式的实用讨论第185期,这是一篇关于摄影与生活方式的内容样例 涵盖场景建议和经验复盘 编号185,https://cdn.knowledgelink.local/forum/mix/cover_185.jpg,摄影,生活方式,清单推荐,经验总结,公开,1925,10,97,5,2026-02-02 18:55:00,2026-02-02 19:30:00
710000000000000186,2043642606338903066,电影话题第186期,围绕兴趣爱好的实用讨论第186期,这是一篇关于电影与兴趣爱好的内容样例 涵盖场景建议和经验复盘 编号186,https://cdn.knowledgelink.local/forum/mix/cover_186.jpg,电影,兴趣爱好,趋势观察,问题求助,公开,1962,23,104,5,2026-02-02 19:06:00,2026-02-02 19:41:00
710000000000000187,2043642606338903067,读书话题第187期,围绕家庭关系的实用讨论第187期,这是一篇关于读书与家庭关系的内容样例 涵盖场景建议和经验复盘 编号187,https://cdn.knowledgelink.local/forum/mix/cover_187.jpg,读书,家庭关系,入门指南,观点讨论,公开,1999,36,111,5,2026-02-02 19:17:00,2026-02-02 19:52:00
710000000000000188,2043642606338903068,健身话题第188期,围绕城市探索的实用讨论第188期,这是一篇关于健身与城市探索的内容样例 涵盖场景建议和经验复盘 编号188,https://cdn.knowledgelink.local/forum/mix/cover_188.jpg,健身,城市探索,经验分享,资源分享,仅粉丝,2036,49,118,5,2026-02-02 19:28:00,2026-02-02 20:03:00
710000000000000189,2043642606338903069,职场话题第189期,围绕消费观察的实用讨论第189期,这是一篇关于职场与消费观察的内容样例 涵盖场景建议和经验复盘 编号189,https://cdn.knowledgelink.local/forum/mix/cover_189.jpg,职场,消费观察,踩坑复盘,经验总结,公开,2073,62,125,5,2026-02-02 19:39:00,2026-02-02 20:14:00
710000000000000190,2043642606338903070,心理话题第190期,围绕健康习惯的实用讨论第190期,这是一篇关于心理与健康习惯的内容样例 涵盖场景建议和经验复盘 编号190,https://cdn.knowledgelink.local/forum/mix/cover_190.jpg,心理,健康习惯,案例解析,问题求助,公开,2110,75,132,5,2026-02-02 19:50:00,2026-02-02 20:25:00
710000000000000191,2043642606338903071,音乐话题第191期,围绕文化体验的实用讨论第191期,这是一篇关于音乐与文化体验的内容样例 涵盖场景建议和经验复盘 编号191,https://cdn.knowledgelink.local/forum/mix/cover_191.jpg,音乐,文化体验,清单推荐,观点讨论,公开,2147,88,139,5,2026-02-02 20:01:00,2026-02-02 20:36:00
710000000000000192,2043642606338903072,家居话题第192期,围绕职业成长的实用讨论第192期,这是一篇关于家居与职业成长的内容样例 涵盖场景建议和经验复盘 编号192,https://cdn.knowledgelink.local/forum/mix/cover_192.jpg,家居,职业成长,趋势观察,资源分享,仅粉丝,2184,101,146,5,2026-02-02 20:12:00,2026-02-02 20:47:00
710000000000000193,2043642606338903073,宠物话题第193期,围绕生活方式的实用讨论第193期,这是一篇关于宠物与生活方式的内容样例 涵盖场景建议和经验复盘 编号193,https://cdn.knowledgelink.local/forum/mix/cover_193.jpg,宠物,生活方式,入门指南,经验总结,公开,2221,114,153,5,2026-02-02 20:23:00,2026-02-02 20:58:00
710000000000000194,2043642606338903074,汽车话题第194期,围绕兴趣爱好的实用讨论第194期,这是一篇关于汽车与兴趣爱好的内容样例 涵盖场景建议和经验复盘 编号194,https://cdn.knowledgelink.local/forum/mix/cover_194.jpg,汽车,兴趣爱好,经验分享,问题求助,公开,2258,127,160,5,2026-02-02 20:34:00,2026-02-02 21:09:00
710000000000000195,2043642606338903075,法律话题第195期,围绕家庭关系的实用讨论第195期,这是一篇关于法律与家庭关系的内容样例 涵盖场景建议和经验复盘 编号195,https://cdn.knowledgelink.local/forum/mix/cover_195.jpg,法律,家庭关系,踩坑复盘,观点讨论,公开,2295,140,167,5,2026-02-02 20:45:00,2026-02-02 21:20:00
710000000000000196,2043642606338903076,教育话题第196期,围绕城市探索的实用讨论第196期,这是一篇关于教育与城市探索的内容样例 涵盖场景建议和经验复盘 编号196,https://cdn.knowledgelink.local/forum/mix/cover_196.jpg,教育,城市探索,案例解析,资源分享,仅粉丝,2332,153,174,5,2026-02-02 20:56:00,2026-02-02 21:31:00
710000000000000197,2043642606338903077,游戏话题第197期,围绕消费观察的实用讨论第197期,这是一篇关于游戏与消费观察的内容样例 涵盖场景建议和经验复盘 编号197,https://cdn.knowledgelink.local/forum/mix/cover_197.jpg,游戏,消费观察,清单推荐,经验总结,公开,2369,166,181,5,2026-02-02 21:07:00,2026-02-02 21:42:00
710000000000000198,2043642606338903078,公益话题第198期,围绕健康习惯的实用讨论第198期,这是一篇关于公益与健康习惯的内容样例 涵盖场景建议和经验复盘 编号198,https://cdn.knowledgelink.local/forum/mix/cover_198.jpg,公益,健康习惯,趋势观察,问题求助,公开,2406,179,188,5,2026-02-02 21:18:00,2026-02-02 21:53:00
710000000000000199,2043642606338903079,艺术话题第199期,围绕文化体验的实用讨论第199期,这是一篇关于艺术与文化体验的内容样例 涵盖场景建议和经验复盘 编号199,https://cdn.knowledgelink.local/forum/mix/cover_199.jpg,艺术,文化体验,入门指南,观点讨论,公开,2443,192,195,5,2026-02-02 21:29:00,2026-02-02 22:04:00
710000000000000200,2043642606338903080,时尚话题第200期,围绕职业成长的实用讨论第200期,这是一篇关于时尚与职业成长的内容样例 涵盖场景建议和经验复盘 编号200,https://cdn.knowledgelink.local/forum/mix/cover_200.jpg,时尚,职业成长,经验分享,资源分享,仅粉丝,2480,205,202,5,2026-02-02 21:40:00,2026-02-02 22:15:00
710000000000000201,2043642606338903081,旅行话题第201期,围绕生活方式的实用讨论第201期,这是一篇关于旅行与生活方式的内容样例 涵盖场景建议和经验复盘 编号201,https://cdn.knowledgelink.local/forum/mix/cover_201.jpg,旅行,生活方式,踩坑复盘,经验总结,公开,2517,218,209,5,2026-02-02 21:51:00,2026-02-02 22:26:00
710000000000000202,2043642606338903082,美食话题第202期,围绕兴趣爱好的实用讨论第202期,这是一篇关于美食与兴趣爱好的内容样例 涵盖场景建议和经验复盘 编号202,https://cdn.knowledgelink.local/forum/mix/cover_202.jpg,美食,兴趣爱好,案例解析,问题求助,公开,2554,231,216,5,2026-02-02 22:02:00,2026-02-02 22:37:00
710000000000000203,2043642606338903083,财经话题第203期,围绕家庭关系的实用讨论第203期,这是一篇关于财经与家庭关系的内容样例 涵盖场景建议和经验复盘 编号203,https://cdn.knowledgelink.local/forum/mix/cover_203.jpg,财经,家庭关系,清单推荐,观点讨论,公开,2591,244,223,5,2026-02-02 22:13:00,2026-02-02 22:48:00
710000000000000204,2043642606338903084,育儿话题第204期,围绕城市探索的实用讨论第204期,这是一篇关于育儿与城市探索的内容样例 涵盖场景建议和经验复盘 编号204,https://cdn.knowledgelink.local/forum/mix/cover_204.jpg,育儿,城市探索,趋势观察,资源分享,仅粉丝,2628,257,230,5,2026-02-02 22:24:00,2026-02-02 22:59:00
710000000000000205,2043642606338903085,摄影话题第205期,围绕消费观察的实用讨论第205期,这是一篇关于摄影与消费观察的内容样例 涵盖场景建议和经验复盘 编号205,https://cdn.knowledgelink.local/forum/mix/cover_205.jpg,摄影,消费观察,入门指南,经验总结,公开,2665,270,237,5,2026-02-02 22:35:00,2026-02-02 23:10:00
710000000000000206,2043642606338903086,电影话题第206期,围绕健康习惯的实用讨论第206期,这是一篇关于电影与健康习惯的内容样例 涵盖场景建议和经验复盘 编号206,https://cdn.knowledgelink.local/forum/mix/cover_206.jpg,电影,健康习惯,经验分享,问题求助,公开,2702,283,244,5,2026-02-02 22:46:00,2026-02-02 23:21:00
710000000000000207,2043642606338903087,读书话题第207期,围绕文化体验的实用讨论第207期,这是一篇关于读书与文化体验的内容样例 涵盖场景建议和经验复盘 编号207,https://cdn.knowledgelink.local/forum/mix/cover_207.jpg,读书,文化体验,踩坑复盘,观点讨论,公开,2739,296,251,5,2026-02-02 22:57:00,2026-02-02 23:32:00
710000000000000208,2043642606338903088,健身话题第208期,围绕职业成长的实用讨论第208期,这是一篇关于健身与职业成长的内容样例 涵盖场景建议和经验复盘 编号208,https://cdn.knowledgelink.local/forum/mix/cover_208.jpg,健身,职业成长,案例解析,资源分享,仅粉丝,2776,309,258,5,2026-02-02 23:08:00,2026-02-02 23:43:00
710000000000000209,2043642606338903089,职场话题第209期,围绕生活方式的实用讨论第209期,这是一篇关于职场与生活方式的内容样例 涵盖场景建议和经验复盘 编号209,https://cdn.knowledgelink.local/forum/mix/cover_209.jpg,职场,生活方式,清单推荐,经验总结,公开,2813,322,265,5,2026-02-02 23:19:00,2026-02-02 23:54:00
710000000000000210,2043642606338903090,心理话题第210期,围绕兴趣爱好的实用讨论第210期,这是一篇关于心理与兴趣爱好的内容样例 涵盖场景建议和经验复盘 编号210,https://cdn.knowledgelink.local/forum/mix/cover_210.jpg,心理,兴趣爱好,趋势观察,问题求助,公开,2850,335,272,5,2026-02-02 23:30:00,2026-02-03 00:05:00
710000000000000211,2043642606338903091,音乐话题第211期,围绕家庭关系的实用讨论第211期,这是一篇关于音乐与家庭关系的内容样例 涵盖场景建议和经验复盘 编号211,https://cdn.knowledgelink.local/forum/mix/cover_211.jpg,音乐,家庭关系,入门指南,观点讨论,公开,2887,348,279,5,2026-02-02 23:41:00,2026-02-03 00:16:00
710000000000000212,2043642606338903092,家居话题第212期,围绕城市探索的实用讨论第212期,这是一篇关于家居与城市探索的内容样例 涵盖场景建议和经验复盘 编号212,https://cdn.knowledgelink.local/forum/mix/cover_212.jpg,家居,城市探索,经验分享,资源分享,仅粉丝,2924,361,286,5,2026-02-02 23:52:00,2026-02-03 00:27:00
710000000000000213,2043642606338903093,宠物话题第213期,围绕消费观察的实用讨论第213期,这是一篇关于宠物与消费观察的内容样例 涵盖场景建议和经验复盘 编号213,https://cdn.knowledgelink.local/forum/mix/cover_213.jpg,宠物,消费观察,踩坑复盘,经验总结,公开,2961,374,293,5,2026-02-03 00:03:00,2026-02-03 00:38:00
710000000000000214,2043642606338903094,汽车话题第214期,围绕健康习惯的实用讨论第214期,这是一篇关于汽车与健康习惯的内容样例 涵盖场景建议和经验复盘 编号214,https://cdn.knowledgelink.local/forum/mix/cover_214.jpg,汽车,健康习惯,案例解析,问题求助,公开,2998,387,300,5,2026-02-03 00:14:00,2026-02-03 00:49:00
710000000000000215,2043642606338903095,法律话题第215期,围绕文化体验的实用讨论第215期,这是一篇关于法律与文化体验的内容样例 涵盖场景建议和经验复盘 编号215,https://cdn.knowledgelink.local/forum/mix/cover_215.jpg,法律,文化体验,清单推荐,观点讨论,公开,3035,400,7,5,2026-02-03 00:25:00,2026-02-03 01:00:00
710000000000000216,2043642606338903096,教育话题第216期,围绕职业成长的实用讨论第216期,这是一篇关于教育与职业成长的内容样例 涵盖场景建议和经验复盘 编号216,https://cdn.knowledgelink.local/forum/mix/cover_216.jpg,教育,职业成长,趋势观察,资源分享,仅粉丝,3072,413,14,5,2026-02-03 00:36:00,2026-02-03 01:11:00
710000000000000217,2043642606338903097,游戏话题第217期,围绕生活方式的实用讨论第217期,这是一篇关于游戏与生活方式的内容样例 涵盖场景建议和经验复盘 编号217,https://cdn.knowledgelink.local/forum/mix/cover_217.jpg,游戏,生活方式,入门指南,经验总结,公开,3109,426,21,5,2026-02-03 00:47:00,2026-02-03 01:22:00
710000000000000218,2043642606338903098,公益话题第218期,围绕兴趣爱好的实用讨论第218期,这是一篇关于公益与兴趣爱好的内容样例 涵盖场景建议和经验复盘 编号218,https://cdn.knowledgelink.local/forum/mix/cover_218.jpg,公益,兴趣爱好,经验分享,问题求助,公开,3146,439,28,5,2026-02-03 00:58:00,2026-02-03 01:33:00
710000000000000219,2043642606338903099,艺术话题第219期,围绕家庭关系的实用讨论第219期,这是一篇关于艺术与家庭关系的内容样例 涵盖场景建议和经验复盘 编号219,https://cdn.knowledgelink.local/forum/mix/cover_219.jpg,艺术,家庭关系,踩坑复盘,观点讨论,公开,3183,452,35,5,2026-02-03 01:09:00,2026-02-03 01:44:00
710000000000000220,2043642606338903100,时尚话题第220期,围绕城市探索的实用讨论第220期,这是一篇关于时尚与城市探索的内容样例 涵盖场景建议和经验复盘 编号220,https://cdn.knowledgelink.local/forum/mix/cover_220.jpg,时尚,城市探索,案例解析,资源分享,仅粉丝,3220,465,42,5,2026-02-03 01:20:00,2026-02-03 01:55:00
710000000000000221,2043642606338903101,旅行话题第221期,围绕消费观察的实用讨论第221期,这是一篇关于旅行与消费观察的内容样例 涵盖场景建议和经验复盘 编号221,https://cdn.knowledgelink.local/forum/mix/cover_221.jpg,旅行,消费观察,清单推荐,经验总结,公开,3257,478,49,5,2026-02-03 01:31:00,2026-02-03 02:06:00
710000000000000222,2043642606338903102,美食话题第222期,围绕健康习惯的实用讨论第222期,这是一篇关于美食与健康习惯的内容样例 涵盖场景建议和经验复盘 编号222,https://cdn.knowledgelink.local/forum/mix/cover_222.jpg,美食,健康习惯,趋势观察,问题求助,公开,3294,491,56,5,2026-02-03 01:42:00,2026-02-03 02:17:00
710000000000000223,2043642606338903103,财经话题第223期,围绕文化体验的实用讨论第223期,这是一篇关于财经与文化体验的内容样例 涵盖场景建议和经验复盘 编号223,https://cdn.knowledgelink.local/forum/mix/cover_223.jpg,财经,文化体验,入门指南,观点讨论,公开,3331,504,63,5,2026-02-03 01:53:00,2026-02-03 02:28:00
710000000000000224,2043642606338903104,育儿话题第224期,围绕职业成长的实用讨论第224期,这是一篇关于育儿与职业成长的内容样例 涵盖场景建议和经验复盘 编号224,https://cdn.knowledgelink.local/forum/mix/cover_224.jpg,育儿,职业成长,经验分享,资源分享,仅粉丝,3368,517,70,5,2026-02-03 02:04:00,2026-02-03 02:39:00
710000000000000225,2043642606338903105,摄影话题第225期,围绕生活方式的实用讨论第225期,这是一篇关于摄影与生活方式的内容样例 涵盖场景建议和经验复盘 编号225,https://cdn.knowledgelink.local/forum/mix/cover_225.jpg,摄影,生活方式,踩坑复盘,经验总结,公开,3405,530,77,5,2026-02-03 02:15:00,2026-02-03 02:50:00
710000000000000226,2043642606338903106,电影话题第226期,围绕兴趣爱好的实用讨论第226期,这是一篇关于电影与兴趣爱好的内容样例 涵盖场景建议和经验复盘 编号226,https://cdn.knowledgelink.local/forum/mix/cover_226.jpg,电影,兴趣爱好,案例解析,问题求助,公开,3442,543,84,5,2026-02-03 02:26:00,2026-02-03 03:01:00
710000000000000227,2043642606338903107,读书话题第227期,围绕家庭关系的实用讨论第227期,这是一篇关于读书与家庭关系的内容样例 涵盖场景建议和经验复盘 编号227,https://cdn.knowledgelink.local/forum/mix/cover_227.jpg,读书,家庭关系,清单推荐,观点讨论,公开,3479,556,91,5,2026-02-03 02:37:00,2026-02-03 03:12:00
710000000000000228,2043642606338903108,健身话题第228期,围绕城市探索的实用讨论第228期,这是一篇关于健身与城市探索的内容样例 涵盖场景建议和经验复盘 编号228,https://cdn.knowledgelink.local/forum/mix/cover_228.jpg,健身,城市探索,趋势观察,资源分享,仅粉丝,3516,569,98,5,2026-02-03 02:48:00,2026-02-03 03:23:00
710000000000000229,2043642606338903109,职场话题第229期,围绕消费观察的实用讨论第229期,这是一篇关于职场与消费观察的内容样例 涵盖场景建议和经验复盘 编号229,https://cdn.knowledgelink.local/forum/mix/cover_229.jpg,职场,消费观察,入门指南,经验总结,公开,3553,582,105,5,2026-02-03 02:59:00,2026-02-03 03:34:00
710000000000000230,2043642606338903110,心理话题第230期,围绕健康习惯的实用讨论第230期,这是一篇关于心理与健康习惯的内容样例 涵盖场景建议和经验复盘 编号230,https://cdn.knowledgelink.local/forum/mix/cover_230.jpg,心理,健康习惯,经验分享,问题求助,公开,3590,595,112,5,2026-02-03 03:10:00,2026-02-03 03:45:00
710000000000000231,2043642606338903111,音乐话题第231期,围绕文化体验的实用讨论第231期,这是一篇关于音乐与文化体验的内容样例 涵盖场景建议和经验复盘 编号231,https://cdn.knowledgelink.local/forum/mix/cover_231.jpg,音乐,文化体验,踩坑复盘,观点讨论,公开,3627,608,119,5,2026-02-03 03:21:00,2026-02-03 03:56:00
710000000000000232,2043642606338903112,家居话题第232期,围绕职业成长的实用讨论第232期,这是一篇关于家居与职业成长的内容样例 涵盖场景建议和经验复盘 编号232,https://cdn.knowledgelink.local/forum/mix/cover_232.jpg,家居,职业成长,案例解析,资源分享,仅粉丝,3664,621,126,5,2026-02-03 03:32:00,2026-02-03 04:07:00
710000000000000233,2043642606338903113,宠物话题第233期,围绕生活方式的实用讨论第233期,这是一篇关于宠物与生活方式的内容样例 涵盖场景建议和经验复盘 编号233,https://cdn.knowledgelink.local/forum/mix/cover_233.jpg,宠物,生活方式,清单推荐,经验总结,公开,3701,634,133,5,2026-02-03 03:43:00,2026-02-03 04:18:00
710000000000000234,2043642606338903114,汽车话题第234期,围绕兴趣爱好的实用讨论第234期,这是一篇关于汽车与兴趣爱好的内容样例 涵盖场景建议和经验复盘 编号234,https://cdn.knowledgelink.local/forum/mix/cover_234.jpg,汽车,兴趣爱好,趋势观察,问题求助,公开,3738,647,140,5,2026-02-03 03:54:00,2026-02-03 04:29:00
710000000000000235,2043642606338903115,法律话题第235期,围绕家庭关系的实用讨论第235期,这是一篇关于法律与家庭关系的内容样例 涵盖场景建议和经验复盘 编号235,https://cdn.knowledgelink.local/forum/mix/cover_235.jpg,法律,家庭关系,入门指南,观点讨论,公开,3775,660,147,5,2026-02-03 04:05:00,2026-02-03 04:40:00
710000000000000236,2043642606338903116,教育话题第236期,围绕城市探索的实用讨论第236期,这是一篇关于教育与城市探索的内容样例 涵盖场景建议和经验复盘 编号236,https://cdn.knowledgelink.local/forum/mix/cover_236.jpg,教育,城市探索,经验分享,资源分享,仅粉丝,3812,673,154,5,2026-02-03 04:16:00,2026-02-03 04:51:00
710000000000000237,2043642606338903117,游戏话题第237期,围绕消费观察的实用讨论第237期,这是一篇关于游戏与消费观察的内容样例 涵盖场景建议和经验复盘 编号237,https://cdn.knowledgelink.local/forum/mix/cover_237.jpg,游戏,消费观察,踩坑复盘,经验总结,公开,3849,686,161,5,2026-02-03 04:27:00,2026-02-03 05:02:00
710000000000000238,2043642606338903118,公益话题第238期,围绕健康习惯的实用讨论第238期,这是一篇关于公益与健康习惯的内容样例 涵盖场景建议和经验复盘 编号238,https://cdn.knowledgelink.local/forum/mix/cover_238.jpg,公益,健康习惯,案例解析,问题求助,公开,3886,699,168,5,2026-02-03 04:38:00,2026-02-03 05:13:00
710000000000000239,2043642606338903119,艺术话题第239期,围绕文化体验的实用讨论第239期,这是一篇关于艺术与文化体验的内容样例 涵盖场景建议和经验复盘 编号239,https://cdn.knowledgelink.local/forum/mix/cover_239.jpg,艺术,文化体验,清单推荐,观点讨论,公开,3923,712,175,5,2026-02-03 04:49:00,2026-02-03 05:24:00
710000000000000240,2043642606338903120,时尚话题第240期,围绕职业成长的实用讨论第240期,这是一篇关于时尚与职业成长的内容样例 涵盖场景建议和经验复盘 编号240,https://cdn.knowledgelink.local/forum/mix/cover_240.jpg,时尚,职业成长,趋势观察,资源分享,仅粉丝,3960,725,182,5,2026-02-03 05:00:00,2026-02-03 05:35:00
